id,fw,iw,white,female,quintile,pquintile
4004,24,35.541,1,1,5,3
4006,24,46.411999,1,1,1,3
5003,33,55.202,1,0,3,2
5004,33,59.75,1,1,2,2
5005,33,61.681999,1,0,2,2
6004,33,58.097,1,1,2,5
6006,33,48.285,1,0,5,5
13003,35,64.689003,1,1,4,4
13004,35,69.302002,1,1,2,4
14003,38,64.096001,1,1,4,3
14004,38,64.517998,1,0,2,3
16003,35,64.614998,1,1,1,1
16005,35,36.667999,1,0,1,1
18003,35,64.487,1,0,1,2
18004,35,51.313,1,0,5,2
18005,35,61.400002,1,0,1,2
19003,35,64.843002,1,0,2,3
19004,35,41.400002,1,1,1,3
22003,2,4.6880002,0,1,2,2
22004,2,5.2350001,0,0,1,2
39003,35,56.487,1,1,3,2
40003,34,54.409,1,0,3,3
40004,34,58.962002,1,1,1,3
40005,34,62.417,1,1,1,3
45003,12,48.710999,1,1,3,1
47004,37,59.262001,1,1,5,2
47005,37,63.006001,1,0,4,2
50003,33,53.978001,1,0,2,4
50004,33,54.683998,1,0,2,4
50005,33,51.168999,1,1,4,4
53003,30,52.618,1,0,2,1
53004,30,48.729,1,1,2,1
53006,30,46.655998,1,1,4,1
53007,30,51.458,1,0,1,1
53008,30,48.409,1,0,1,1
53009,30,56.228001,1,0,2,1
53010,30,51.061001,1,0,1,1
57005,36,56.291,1,1,1,3
60022,38,61.912998,1,0,5,4
68003,37,59.470001,1,0,3,1
75005,32,59.415001,1,1,3,5
79003,42,77.296997,1,1,1,3
84003,17,56.083,1,0,4,4
84004,17,53.473,1,1,4,4
84005,17,54.856998,1,1,2,4
88005,36,62.042,1,0,4,5
89003,36,55.252998,1,1,4,2
89004,36,60.530998,1,1,1,2
89005,36,59.974998,1,1,3,2
89006,36,60.297001,1,1,2,2
90003,27.5,62.669998,1,1,4,5
92003,36,57.964001,1,1,3,3
96003,42,69.051003,1,1,4,5
96006,42,66.475998,1,1,2,5
117003,35,53.792999,1,0,4,4
121004,36,54.868999,1,0,4,3
121006,36,62.056,1,0,3,3
122004,17,64.208,1,0,3,1
126003,33,53.061001,1,1,2,3
128004,22,40.007999,1,0,1,3
139002,15,46.584,1,0,5,4
145003,31,52.504002,1,1,4,4
151003,34,56.342999,1,0,5,4
151006,34,55.919998,1,0,5,4
161003,26,42.146999,1,1,1,2
161004,26,47.233002,1,0,2,2
165004,34,66.699997,1,1,4,4
174005,31,49.355999,1,0,4,4
174007,31,54.215,1,0,2,4
190003,39,61.839001,1,1,5,1
190004,39,72.182999,1,1,2,1
198002,17,60.807999,1,1,4,3
198003,17,55.498001,1,0,5,3
200003,34,57.372002,1,0,1,4
200004,34,62.062,1,0,5,4
200005,34,42.388,1,1,5,4
203003,42,60.056,1,0,3,5
203004,42,67.93,1,1,5,5
203005,42,68.906998,1,1,5,5
209003,36,64.760002,1,0,3,2
214003,35,54.014,1,0,5,3
220002,34,56.262001,1,0,3,1
227003,42,68.730003,1,1,1,4
228003,42,74.106003,1,0,5,5
228005,42,65.051003,1,1,5,5
231003,32,53.648998,1,0,4,5
236003,35,51.532001,1,1,4,4
250003,29,46.605,1,1,2,2
250004,29,47.921001,1,0,2,2
257005,32,50.707001,1,0,4,1
263005,42,93.869003,1,1,3,3
280003,31,59.576,1,0,3,4
280004,31,62.855,1,0,2,4
280006,31,51.825001,1,1,4,4
284003,36,69.320999,1,0,5,4
284004,36,60.917999,1,0,4,4
301005,42,76.363998,1,1,3,4
306003,34,51.661999,1,0,1,2
308004,17,52.799,1,0,5,4
311003,19,61.632999,1,1,2,2
315003,34,48.297001,1,0,3,3
318003,46,65.668999,1,1,3,2
319003,34,54.823002,1,1,1,2
319004,34,49.785,1,1,2,2
320003,34,51.236,1,0,2,3
323003,42,69.916,1,0,5,5
323004,42,65.939003,1,1,5,5
323005,42,71.191002,1,0,2,5
326003,34,42.623001,1,0,5,2
326004,34,43.833,1,1,2,2
327003,36,58.301998,1,1,2,4
331003,38,64.158997,1,1,4,5
331005,38,59.013,1,1,4,5
344006,16.5,64.169998,1,1,3,3
350003,31,50.036999,1,1,2,4
351003,33,54.144001,1,1,3,3
351004,33,56.139999,1,1,4,3
351006,33,61.796001,1,1,2,3
355003,34,50.014999,1,1,3,4
355004,34,55.429001,1,0,4,4
356003,35,57.087002,1,1,4,5
361003,24,43.155998,1,0,2,5
361004,24,42.362999,1,0,4,5
375004,34,57.748001,1,0,1,5
391003,42,69.033997,1,1,5,5
414003,34,65.749001,1,1,3,3
414005,34,53.124001,1,1,5,3
414006,34,53.138,1,1,4,3
419002,5,11.134,0,1,1,1
419004,5,11.108,0,0,3,1
423003,23,47.352001,1,0,3,2
423004,23,42.442001,1,0,3,2
428004,34,50.074001,1,0,4,5
431004,34,56.992001,1,0,1,4
431005,34,58.771,1,0,1,4
432004,42,66.211998,1,0,2,3
433008,28,47.693001,1,1,1,1
442003,31,52.562,1,0,2,3
443003,35,67.055,1,0,1,1
449003,39,62.199001,0,1,1,1
450004,31,55.028999,1,0,3,2
450005,31,49.979,1,1,5,2
450021,31,60.762001,1,0,1,2
455003,16,43.605999,1,1,1,4
459004,31,53.639999,1,0,4,3
467003,16,36.837002,1,1,1,4
473004,35,66.628998,1,1,2,2
473021,35,61.708,1,0,5,2
478004,38,67.808998,1,1,2,1
479003,38,64.526001,1,0,3,2
486004,30,55.516998,1,0,1,3
487004,22,41.062,1,1,1,3
487005,22,66.804001,1,0,1,3
508004,30,53.096001,1,1,3,2
510003,42,71.726997,1,0,2,3
516002,45,88.305,1,0,4,2
517004,42,65.462997,1,1,4,5
517005,42,70.055,1,1,4,5
517006,42,68.508003,1,1,3,5
517008,42,76.606003,1,0,1,5
536005,23,39.019001,1,1,2,2
546003,34,46.669998,1,0,1,2
548007,34,55.016998,1,0,4,4
548008,34,54.745998,1,0,5,4
548009,34,62.551998,1,0,3,4
556004,23,38.851002,1,1,3,2
563003,32,53.349998,1,1,3,1
563005,32,52.696999,1,1,2,1
563006,32,52.861,1,0,3,1
563007,32,50.265999,1,1,1,1
565004,17,54.903,1,1,5,2
577004,17,63.681,1,1,2,3
586003,16,59.647999,1,1,1,1
586004,16,51.257999,1,1,1,1
593003,34,59.207001,1,0,4,4
593004,34,53.165001,1,1,5,4
605003,30,50.876999,1,1,5,5
607005,36,56.353001,1,1,2,5
607007,36,57.476002,1,1,1,5
608003,34,65.558998,1,1,5,5
613003,32,45.554001,1,0,5,5
618004,42,68.163002,1,1,4,4
620004,42,68.454002,1,1,5,4
620005,42,68.885002,1,1,4,4
620006,42,68.608002,1,1,4,4
625003,16,53.686001,1,0,5,3
625004,16,51.814999,1,0,2,3
625005,16,58.417999,1,1,1,3
626003,17.5,61.174999,1,1,4,3
626004,17.5,45.116001,1,1,2,3
626005,17.5,53.695999,1,1,1,3
626006,17.5,59.042,1,1,1,3
626007,17.5,58.327999,1,1,2,3
632003,33,45.924,1,0,1,4
634005,35,51.988998,1,0,2,1
634006,35,52.728001,1,1,3,1
634007,35,54.027,1,1,3,1
634008,35,52.139999,1,1,2,1
636003,34,53.749001,1,0,3,3
639005,18,57.112,1,0,1,1
639006,18,61.022999,1,0,2,1
649003,35,54.313,1,1,3,3
652003,31,50.368999,1,1,5,3
652006,31,53.562,1,0,4,3
655003,34,56.527,1,0,5,5
655004,34,63.347,1,0,5,5
656003,34,53.417,1,1,4,5
656004,34,56.089001,1,1,4,5
656005,34,54.075001,1,1,3,5
657003,42,80.332001,1,1,4,1
657004,42,68.977997,1,0,4,1
657005,42,75.121002,1,0,2,1
660004,42,64.839996,1,0,5,4
672003,26,43.352001,1,1,1,4
674003,31,54.154999,1,0,2,4
677004,9,15.172,1,1,1,2
677005,9,15.692,1,0,3,2
682004,27,44.627998,1,0,1,1
691003,34,63.702,1,0,4,5
691004,34,54.271,1,0,5,5
691005,34,62.827999,1,0,4,5
691006,34,63.929001,1,0,4,5
692004,22,36.931999,1,0,5,3
692005,22,34.490002,1,1,4,3
692007,22,34.983002,1,1,4,3
698004,35,48.290001,1,0,5,4
698007,35,54.93,1,1,4,4
699004,35,54.889,1,1,2,1
700003,26.5,51.041,1,0,1,4
700004,26.5,55.976002,1,0,5,4
703002,34,53.587002,1,1,4,1
704003,34,54.981998,1,1,4,5
707003,35,71.213997,1,0,2,3
709004,30,47.201,1,0,2,2
709005,30,61.747002,1,1,2,2
709006,30,53.018002,1,1,4,2
709007,30,50.039001,1,1,3,2
711003,38,62.289001,1,1,1,4
711004,38,62.658001,1,0,3,4
712006,33,50.727001,1,1,4,4
713005,33,41.691002,1,0,2,3
713006,33,54.292999,1,0,4,3
717003,34,37.014,1,1,3,3
717004,34,57.486,1,0,3,3
717021,34,58.967999,1,1,4,3
722003,35,61.549,1,0,3,4
726003,36,68.282997,1,1,3,3
727003,44,79.273003,0,1,4,1
729003,33,58.389,1,0,1,1
729004,33,55.902,1,1,3,1
729005,33,51.821999,1,1,3,1
729006,33,55.140999,1,0,2,1
732004,6,13.416,0,1,1,1
733003,34,62.462002,1,0,3,3
733005,34,53.172001,1,1,3,3
734004,18,29.493999,1,0,5,5
734005,18,28.332001,1,1,5,5
749003,18,54.742001,1,0,2,1
750003,34,45.612,1,1,3,3
750004,34,55.104,1,0,4,3
750005,34,56.257,1,0,2,3
762003,46,85.545998,1,0,1,3
762004,46,69.709,1,1,4,3
769003,33,51.720001,1,1,3,4
769004,33,52.324001,1,1,2,4
771003,35,52.938999,1,1,1,2
771030,35,59.784,1,1,2,2
773003,32,51.916,1,1,1,3
775004,34,54.801998,1,1,3,5
776003,34,63.022999,1,0,3,5
777004,34,63.714001,1,1,5,3
783003,45,73.989998,1,1,5,5
783004,45,74.246002,1,0,5,5
796005,36,56.084999,1,1,2,2
796006,36,68.389999,1,0,2,2
798003,33,62.200001,1,1,4,3
798004,33,31.114,1,0,5,3
811003,40,65.742996,1,1,2,2
819004,34,56.001999,1,0,4,5
826003,34,63.917,1,0,2,2
826004,34,65.049004,1,0,2,2
832004,34,63.611,1,1,5,4
833003,33,46.972,1,0,1,1
833004,33,52.193001,1,0,1,1
833005,33,53.884998,1,0,2,1
833006,33,54.587002,1,0,2,1
834003,27.5,56.942001,1,1,2,2
835003,34,53.710999,1,0,5,2
835004,34,63.231998,1,0,5,2
835006,34,52.618,1,1,5,2
838003,33,57.201,1,1,3,3
840005,5,7.421,0,0,2,1
840009,5,7.7280002,0,1,1,1
840021,5,6.164,0,1,1,1
844003,42,66.286003,1,0,2,4
846003,4,11.434,0,1,2,1
846005,4,7.9590001,0,0,3,1
846006,4,7.5040002,0,1,2,1
846007,4,8.4639997,0,1,3,1
853003,24.5,51.085999,1,1,4,5
855003,34,60.493999,1,1,5,5
855004,34,58.955002,1,1,5,5
856003,34,53.005001,1,1,5,1
856004,34,52.519001,1,1,2,1
856005,34,56.782001,1,1,3,1
856008,34,56.990002,1,0,2,1
860002,32,52.674,1,1,3,1
863003,32,52.182999,1,0,3,4
863006,32,52.653999,1,1,4,4
863007,32,52.563,1,1,1,4
868004,29,53.069,1,0,5,3
868005,29,50.936001,1,0,2,3
868006,29,52.827,1,1,3,3
875004,27.5,57.773998,1,0,3,5
876003,31,56.570999,1,0,3,4
880003,16,54.360001,1,0,4,4
893003,36,63.069,1,0,5,2
898003,23.5,52.818001,1,0,3,4
898004,23.5,53.584999,1,0,3,4
898005,23.5,51.209,1,1,3,4
904003,34,52.202,1,1,5,3
904004,34,53.095001,1,1,4,3
905003,34,59.278,1,0,2,4
906003,34,53.629002,1,1,3,5
906004,34,53.964001,1,0,3,5
908003,30,50.798,1,1,2,3
908004,30,61.889999,1,0,3,3
908006,30,51.513,1,1,2,3
909003,33,54.393002,1,1,1,5
910004,33,49.272999,1,1,5,4
910006,33,54.960999,1,1,5,4
910007,33,55.534,1,0,3,4
913004,34,49.897999,1,0,5,4
913005,34,56.287998,1,0,4,4
915003,34,63.382,1,0,1,3
915004,34,54.393002,1,1,5,3
915005,34,54.358002,1,1,4,3
916004,31,53.578999,1,0,3,3
916005,31,55.696999,1,1,4,3
922003,38,54.563999,1,0,5,5
922004,38,61.549999,1,1,3,5
922005,38,60.057999,1,1,5,5
923004,38,61.526001,1,1,1,5
935003,16,51.800999,1,1,4,5
935004,16,51.967999,1,1,3,5
935005,16,48.388,1,1,5,5
952003,42,67.619003,1,1,5,5
958004,44,68.749001,1,0,5,4
961003,25,48.414001,1,1,1,1
961005,26,42.709,1,1,3,1
964003,17,58.717999,1,1,1,2
964004,17,41.603001,1,1,1,2
964005,17,56.672001,1,0,3,2
970003,30,53.124001,1,1,2,3
971004,30,62.972,1,0,4,5
980003,18.5,44.478001,1,1,2,3
982003,25,39.687,1,1,3,2
998003,34,55.931,1,0,5,5
999003,34,55.901001,1,0,4,4
999004,34,53.500999,1,1,5,4
999005,34,52.749001,1,1,1,4
1000003,34,64.805,1,1,5,5
1000004,34,64.013,1,1,5,5
1000005,34,54.465,1,0,5,5
1012003,42,75.346001,1,0,5,5
1013005,42,68.026001,1,0,3,4
1016005,48,82.058998,1,0,3,3
1028006,16,44.682999,1,1,3,1
1036003,32,49.924999,1,0,4,4
1037005,27,57.710999,1,1,2,5
1043007,33,58.494999,1,1,1,1
1047003,17,52.898998,1,1,1,5
1047004,17,53.324001,1,1,4,5
1048003,19,43.318001,1,1,2,1
1048004,19,43.318001,1,1,1,1
1048005,19,52.053001,1,0,2,1
1048006,19,96.300003,1,1,3,1
1051004,38,66.346001,1,0,2,1
1051005,38,54.688999,1,0,2,1
1055003,36,63.631001,1,0,3,4
1061004,34,52.721001,1,1,4,5
1061005,34,50.709,1,0,2,5
1066003,25,47.448002,1,1,1,1
1072003,30,54.660999,1,0,4,4
1077003,30,51.696999,1,1,4,4
1079006,35,61.443001,1,0,2,4
1080003,40,56.129002,1,1,4,2
1081003,34,60.289001,1,0,5,5
1081004,34,53.773998,1,1,4,5
1081006,34,54.203999,1,1,4,5
1083003,42,68.728996,1,1,3,5
1083004,42,67.778,1,1,3,5
1083005,42,60.174,1,0,5,5
1084003,26,41.816002,1,1,4,4
1084004,26,42.147999,1,1,2,4
1084005,26,42.455002,1,1,1,4
1084007,26,51.049999,1,0,1,4
1085002,34,61.721001,1,1,1,1
1089004,34,49.665001,1,0,4,2
1093003,38,62.660999,1,1,1,4
1094004,30,53.212002,1,0,2,5
1095030,20,56.833,1,1,3,3
1096003,25,23.299999,1,1,2,1
1096004,25,43.327,1,0,1,1
1096005,25,40.255001,1,1,1,1
1097002,23,42.574001,1,0,4,2
1097003,23,45.894001,1,1,3,2
1099005,23,40.784,1,1,1,1
1100003,32,49.820999,1,1,3,1
1100004,32,49.744999,1,1,2,1
1107003,19.5,44.516998,1,1,4,4
1107006,19.5,44.889999,1,0,3,4
1107007,19.5,45.325001,1,0,2,4
1121003,36,54.026001,1,0,3,2
1129006,5,6.789,0,0,3,1
1141003,33,56.27,1,1,2,2
1142003,34,53.922001,1,1,2,3
1151004,33,54.105999,1,0,5,5
1151005,33,60.203999,1,0,4,5
1152025,36,53.675999,1,0,1,1
1162003,18,63.881001,1,1,5,5
1163003,35,61.245998,1,0,4,3
1163004,35,63.459999,1,1,5,3
1163005,35,57.125,1,0,4,3
1163006,35,52.478001,1,0,4,3
1163007,35,60.872002,1,0,4,3
1163008,35,62.84,1,0,3,3
1164003,18,61.403,1,0,4,4
1164004,18,62.389,1,0,5,4
1166005,32,45.717999,1,0,3,2
1166009,32,62.395,1,0,2,2
1168006,25,40.333,0,1,2,1
1168008,25,38.215,0,1,2,1
1169003,32,54.192001,1,1,5,3
1169004,32,57.166,1,0,4,3
1178004,24,39.914001,1,1,4,2
1179004,31,44.858002,1,0,4,4
1185004,34,54.271999,1,1,4,5
1185005,34,56.948002,1,0,4,5
1191003,32,54.389,1,1,4,2
1192003,32,52.886002,1,1,2,2
1192004,32,50.862999,1,1,2,2
1192005,32,52.414001,1,1,3,2
1200003,46,80.945999,1,1,4,4
1200004,46,65.160004,1,1,5,4
1200006,46,70.887001,1,1,3,4
1210003,45,58.516998,1,1,4,3
1211003,22,37.569,1,0,5,4
1211004,22,36.66,1,0,3,4
1213003,33.5,71.691002,1,1,2,3
1213004,33.5,73.624001,1,1,1,3
1221004,31,56.971001,1,0,5,5
1221005,31,61.471001,1,0,5,5
1222003,17,37.256001,1,1,1,2
1222004,17,56.98,1,1,4,2
1222005,17,61.013,1,1,5,2
1222006,25,56.933998,1,0,3,3
1241030,38,63.869999,1,0,2,2
1242003,34,54.865002,1,0,5,3
1242004,34,58.047001,1,0,4,3
1242006,34,53.902,1,1,2,3
1249003,38,50.423,1,1,4,5
1254003,36,60.889,1,0,5,4
1258003,34,59.402,1,1,5,3
1258004,34,61.639999,1,0,2,3
1258005,34,57.738998,1,0,2,3
1260003,36,65.897003,1,1,2,1
1260004,36,58.645,1,0,4,1
1260007,36,61.419998,1,0,5,1
1261003,38,74.327003,1,1,1,4
1270002,32,55.153999,1,1,2,2
1275003,42,78.137001,1,1,4,4
1275004,42,66.742996,1,0,2,4
1275005,42,76.028999,1,0,4,4
1275006,42,71.755997,1,0,4,4
1282004,45,82.209,1,1,4,2
1284003,42,71.001999,1,0,5,4
1286003,42,59.221001,1,1,5,5
1286004,42,65.684998,1,1,5,5
1286005,42,49.111,1,0,4,5
1287003,31,53.117001,1,1,5,5
1292004,14,40.320999,1,1,2,3
1298003,30,56.039001,1,0,2,2
1298005,30,52.873001,1,1,2,2
1302003,34,59.388,1,0,5,4
1302004,34,51.665001,1,1,5,4
1302021,34,65.573997,1,1,5,4
1303002,35,50.328999,1,0,3,2
1303004,35,56.882,1,0,2,2
1306003,42,70.724998,1,0,3,5
1311004,38,89.689003,0,0,2,3
1312004,42,79.269997,0,0,2,1
1312005,42,44.633999,0,0,2,1
1314003,16,52.077,1,0,3,4
1315003,33,51.276001,1,1,3,4
1315004,33,51.576,1,1,2,4
1315005,33,51.66,1,1,1,4
1332003,25.5,69.015999,1,0,5,5
1332004,25.5,52.876999,1,1,1,5
1332005,25.5,65.473,1,0,1,5
1335005,31,53.262001,1,1,1,2
1335006,31,57.025002,1,0,4,2
1335007,31,54.041,1,0,5,2
1335008,31,54.886002,1,0,1,2
1335009,31,53.891998,1,0,2,2
1335010,31,54.792,1,0,4,2
1335011,31,61.783001,1,1,1,2
1338003,31,51.598999,1,1,2,4
1338004,31,54.487,1,0,4,4
1342003,34,60.979,1,0,4,3
1345005,33,57.231998,1,0,2,4
1345006,33,59.603001,1,1,3,4
1345007,33,51.366001,1,1,4,4
1351003,32,57.057999,1,0,3,2
1351004,32,57.408001,1,1,1,2
1353003,27,66.800003,1,1,4,5
1353004,27,56.265999,1,1,3,5
1355003,36,56.255001,1,1,5,5
1355004,36,54.849998,1,1,4,5
1355005,36,57.773998,1,1,5,5
1355006,36,62.612,1,0,3,5
1358004,27,43.423,1,1,3,1
1362003,38,54.818001,1,0,2,1
1363003,42,73.980003,1,0,5,5
1368003,4,7.717,0,0,1,2
1394003,26,55.584,1,1,1,1
1394021,29,46.167,1,0,1,1
1397003,34,56.214001,1,1,4,5
1397004,34,56.035999,1,0,4,5
1397005,34,59.564999,1,0,3,5
1398003,34,37.848999,1,0,4,3
1398004,34,55.469002,1,0,2,3
1398005,34,53.469002,1,1,1,3
1399003,34,48.109001,1,0,4,4
1399004,34,55.917,1,0,4,4
1399005,34,52.666,1,1,4,4
1399007,34,50.701,1,1,3,4
1399008,34,53.876999,1,1,3,4
1406003,34,61.317001,1,1,3,2
1406021,34,59.858002,1,0,4,2
1407003,37,57.709999,1,0,3,4
1407004,37,60.455002,1,0,3,4
1411004,44,86.831001,0,1,1,1
1411006,44,81.816002,1,1,2,1
1411007,44,81.855003,0,1,2,1
1411010,44,75.213997,0,1,2,1
1411011,44,93.643997,0,0,3,1
1411012,44,97.668999,0,0,3,1
1411013,44,98.247002,0,0,3,1
1414003,41,83.063004,0,1,2,1
1419004,30,53.561001,1,0,3,4
1419021,30,51.333,1,0,5,4
1419022,30,54.310001,1,0,4,4
1426002,47,83.681,0,1,1,1
1426004,47,86.786003,0,1,1,1
1428004,28.5,61.145,1,1,4,4
1431003,25,44.551998,1,0,4,3
1435003,25.5,65.247002,1,1,5,5
1435005,25.5,55.909,1,0,5,5
1438003,38,73.448997,0,1,3,5
1438021,38,86.084999,0,1,4,5
1445004,31,51.495998,1,0,4,3
1445007,31,54.666,1,0,3,3
1459003,35,63.266998,1,1,4,4
1460006,18,44.467999,1,1,3,4
1460008,18,41.576,1,1,4,4
1462003,45,75.517998,1,1,4,2
1462004,45,79.056,1,1,4,2
1475003,33,55.643002,1,1,2,3
1475004,33,62.106998,1,0,1,3
1485003,35,51.860001,1,1,4,2
1485004,35,52.332001,1,1,2,2
1494003,38,60.368,1,1,5,3
1498004,32,57.252998,1,0,3,2
1498005,32,53.716999,1,0,1,2
1510003,13,24.858,0,0,1,1
1510004,13,26.701,0,0,1,1
1510005,13,24.329,0,0,1,1
1516004,34,57.485001,1,0,1,4
1533003,31,57.446999,1,1,5,3
1533005,31,54.102001,1,0,5,3
1540005,34,54.693001,1,0,4,4
1541004,34,49.901001,1,0,1,4
1542003,34,58.745998,1,0,4,4
1542004,34,51.221001,1,1,4,4
1542005,34,55.220001,1,1,3,4
1542006,34,55.119999,1,1,3,4
1542007,34,53.234001,1,1,2,4
1547003,42,68.495003,1,1,4,4
1547005,42,66.813004,1,1,1,4
1549004,42,68.526001,1,0,5,4
1551003,37,59.32,1,1,1,1
1568003,16,63.75,1,0,4,5
1570005,6,21.485001,0,1,2,1
1571004,35,102.813,0,1,1,2
1571005,35,101.683,0,1,1,2
1572004,12,19.4,0,1,1,1
1572005,12,18.26,0,1,2,1
1572006,12,17.211,0,1,2,1
1581004,34,37.498001,1,0,4,4
1591003,34,56.242001,1,0,3,4
1591004,34,50.280998,1,0,4,4
1591005,34,55.541,1,0,5,4
1591006,34,55.931999,1,0,2,4
1591007,34,52.511002,1,1,4,4
1597004,42,66.593002,1,1,1,4
1599003,42,68.198997,1,0,5,4
1611003,30,51.773998,1,1,2,3
1611005,30,51.395,1,1,3,3
1612003,36,57.675999,1,0,4,2
1613004,38,60.672001,1,0,2,4
1613005,38,55.431999,1,1,3,4
1613006,38,64.308998,1,0,3,4
1613007,38,61.016998,1,1,3,4
1613008,38,64.086998,1,0,3,4
1621003,38,57.326,1,1,4,2
1624002,35,73.094002,1,0,1,2
1624003,35,57.997002,1,1,4,2
1624021,35,62.860001,1,0,2,2
1628005,33,54.710999,1,1,1,3
1630004,42,66.870003,1,1,5,5
1630005,42,71.644997,1,0,5,5
1634003,34,63.021,1,0,3,2
1644004,42,68.821999,1,1,2,5
1645003,42,72.778,1,0,5,5
1645004,42,63.841999,1,1,5,5
1648003,22,32.247002,1,0,1,1
1654005,31,53.112,1,1,5,4
1657003,31,42.997002,1,0,2,2
1659004,36,50.289001,1,0,5,5
1663003,38,61.546001,1,1,5,5
1663004,38,59.845001,1,1,4,5
1663005,38,62.438999,1,1,2,5
1663006,38,61.583,1,1,4,5
1663007,38,61.437,1,1,5,5
1663008,38,58.737,1,1,5,5
1663009,38,59.958,1,1,4,5
1668004,27,64.685997,1,0,1,2
1668021,27,43.729,1,0,2,2
1670004,2,3.825,0,1,1,1
1670006,2,2.4619999,0,1,1,1
1670007,2,3.9949999,0,1,2,1
1679004,20,53.117001,0,1,1,2
1682003,33,59.973,1,1,4,3
1682004,33,53.777,1,1,2,3
1682005,33,62.570999,1,0,4,3
1684003,33,42.743,1,0,3,3
1684004,33,54.221001,1,0,2,3
1684005,33,51.323002,1,1,4,3
1684006,33,57.23,1,1,1,3
1687003,35,57.026001,1,0,3,2
1689003,33,58.737999,1,1,3,2
1690003,35,54.706001,1,0,4,2
1692003,34,65.920998,1,0,1,3
1695004,33,36.685001,1,1,4,1
1695006,33,59.578999,1,1,3,1
1695007,33,61.777,1,1,1,1
1695009,33,58.937,1,0,1,1
1695010,33,54.338001,1,1,3,1
1695011,33,51.528999,1,1,2,1
1697003,33,62.327,1,0,1,2
1697004,33,58.110001,1,0,3,2
1697005,33,60.597,1,1,1,2
1697006,33,57.666,1,1,2,2
1698003,33,54.362,1,0,4,5
1698004,33,43.334,1,1,4,5
1700003,33,51.005001,1,1,1,2
1700004,33,51.506001,1,1,3,2
1700005,33,51.005001,1,1,1,2
1700006,33,52.354,1,1,4,2
1701003,24.5,61.445,1,1,1,5
1701005,24.5,56.605999,1,0,3,5
1711003,35,47.029999,1,1,1,3
1720003,35,66.736,1,1,2,4
1720004,35,61.638,1,0,3,4
1722004,6,15.393,0,1,2,1
1722005,6,13.972,0,0,1,1
1722022,6,6.7880001,0,0,2,1
1723003,30,40.201,1,0,2,1
1723005,30,49.68,1,1,1,1
1723006,30,47.654999,1,0,1,1
1740003,36,56.393002,1,0,3,2
1740004,36,60.248001,1,0,1,2
1740005,36,55.779999,1,1,2,2
1750003,29,56.192001,1,1,3,4
1751004,38,88.214996,1,1,2,2
1758005,34,56.431,1,0,4,3
1762003,32,71.838997,1,1,1,3
1762004,32,31.653,1,1,1,3
1762006,32,60.188999,1,1,1,3
1762007,32,51.397999,1,1,4,3
1763005,32,59.255001,1,0,5,3
1763006,32,54.155998,1,1,3,3
1767004,30,51.986,1,1,5,5
1775004,17,59.042,1,1,4,5
1775005,17,53.699001,1,1,4,5
1782003,17,54.775002,1,0,1,4
1784004,31,50.861,1,1,5,5
1784005,31,51.674999,1,1,5,5
1784021,31,58.43,1,0,5,5
1786021,31,56.629002,1,0,3,2
1787003,33,63.193001,1,0,3,2
1787005,33,66.742996,1,0,4,2
1795003,24,38.02,1,0,5,2
1795004,24,34.021999,1,1,3,2
1795005,24,40.082001,1,1,2,2
1798006,10,16.768999,1,1,2,2
1798008,10,17.098,1,0,1,2
1798009,10,17.400999,1,0,3,2
1799006,5,8.6370001,0,1,2,2
1802004,33,56.446999,1,0,2,1
1803003,41,76.564003,0,1,2,1
1805004,46,79.945999,1,0,3,2
1805005,46,66.944,1,0,5,2
1807003,34,66.095001,1,1,2,4
1807005,34,55.938999,1,0,4,4
1821006,30,55.907001,1,1,5,5
1824003,14,42.818001,1,0,2,4
1830003,38,60.814999,1,1,2,1
1831002,16,52.372002,1,0,4,1
1831003,16,49.639,1,0,3,1
1837004,35,56.868,1,1,5,3
1837005,35,59.314999,1,0,5,3
1837006,35,61.945,1,0,5,3
1841003,36,66.834,1,1,5,4
1841004,36,66.125,1,0,4,4
1841005,36,55.033001,1,1,4,4
1845003,36,66.056999,1,1,3,3
1850004,38,65.823997,1,0,1,3
1850005,38,65.401001,1,0,2,3
1859003,38,69.054001,1,0,5,5
1859004,38,64.764,1,0,5,5
1866003,34,66.302002,1,0,4,4
1867003,34,64.959999,1,1,5,5
1867005,34,51.57,1,0,4,5
1877002,23,68.234001,0,0,2,1
1887003,38,69.194,1,0,4,5
1887005,38,61.57,1,1,4,5
1892004,30,66.153,1,1,2,2
1892005,30,58.548,1,1,1,2
1893005,36,54.118999,1,1,1,3
1893006,36,59.507999,1,0,3,3
1894004,36,39.837002,1,0,5,3
1898004,26,39.817001,1,1,3,4
1901003,31,48.306,1,0,1,2
1901004,31,50.751999,1,0,4,2
1905003,31,54.452,1,0,5,5
1905004,31,60.220001,1,0,5,5
1905005,31,56.278999,1,0,5,5
1909003,32,62.358002,1,0,1,3
1909004,32,54.799,1,0,2,3
1911003,36,67.301003,1,0,3,5
1911004,36,54.164001,1,0,4,5
1914003,34,52.462002,1,1,4,3
1914004,34,56.282001,1,0,2,3
1916002,19,30.598,1,1,1,1
1917003,35,62.150002,1,0,2,4
1917004,35,67.287003,1,1,2,4
1917005,35,59.441002,1,1,5,4
1918003,28,58.157001,1,1,3,4
1918004,28,58.380001,1,1,2,4
1919003,38,55.799999,1,0,4,5
1919004,38,65.399002,1,0,4,5
1919007,38,65.495003,1,0,5,5
1919008,38,61.972,1,1,4,5
1919009,38,61.598999,1,1,4,5
1920003,38,62.208,1,1,5,3
1920005,38,60.723999,1,1,3,3
1926003,46,71.808998,1,1,4,3
1932003,34,54.715,1,1,2,4
1932005,34,54.741001,1,0,3,4
1935003,34,55.570999,1,0,3,5
1935004,34,45.443001,1,1,4,5
1935005,34,57.242001,1,0,4,5
1939003,34,56.93,1,0,3,4
1947004,42,70.202003,1,0,5,5
1954003,25,52.011002,0,0,1,1
1954004,25,50.049999,0,0,1,1
1955003,42,72.658997,1,0,4,4
1955004,42,62.672001,1,1,5,4
1955005,42,67.893997,1,1,3,4
1956003,42,66.641998,1,0,1,5
1956004,42,71.036003,1,1,3,5
1956005,42,71.750999,1,0,4,5
1959003,33,47.870998,1,0,4,4
1959004,33,60.143002,1,0,5,4
1959005,33,52.629002,1,1,5,4
1960003,25,62.844002,1,0,5,5
1960004,25,64.523003,1,1,4,5
1960005,25,39.831001,1,0,5,5
1960006,25,55.785999,1,0,5,5
1964003,20,32.865002,1,0,2,1
1968004,36,61.084999,1,0,3,5
1970003,25.5,56.18,1,0,2,3
1970004,25.5,58.921001,1,0,3,3
1970005,25.5,54.632,1,1,4,3
1971003,34,53.174999,1,1,4,3
1971004,34,55.287998,1,0,1,3
1975003,31,50.901001,1,0,5,4
1975004,31,51.251999,1,1,5,4
1975005,31,52.176998,1,0,5,4
1978003,33,55.506001,1,0,4,4
1979003,31,63.361,1,1,3,2
1981004,5,9.3100004,0,0,3,1
1994005,30,50.907001,0,1,1,2
1994007,30,57.195999,0,0,2,2
2004005,34,63.731998,1,1,1,3
2004021,34,41.500999,1,0,2,3
2012003,35,52.032001,1,1,1,2
2016003,16,51.027,1,1,3,5
2016004,16,50.465,1,1,1,5
2016005,16,48.876999,1,0,3,5
2016006,16,50.464001,1,1,2,5
2017003,37,58.762001,1,0,2,2
2017004,37,55.991001,1,0,1,2
2019004,27,61.799999,1,1,1,5
2019006,27,59.278,1,1,2,5
2030003,31,61.473,1,1,5,5
2030004,31,57.566002,1,1,3,5
2030005,31,54.687,1,0,4,5
2030006,31,50.814999,1,1,4,5
2030007,31,52.765999,1,0,5,5
2033003,36,69.695,1,0,2,3
2033021,36,71.480003,1,0,3,3
2034004,36,58.469002,1,1,4,2
2047005,33,54.756001,1,1,5,4
2050004,34,48.578999,1,0,5,4
2050006,34,50.192001,1,1,2,4
2053003,34,64.428001,1,0,4,3
2053004,34,52.931,1,1,3,3
2055003,32,58.748001,1,1,5,2
2055004,32,55.084,1,0,2,2
2056003,62,90.845001,0,1,3,1
2060003,30,48.098,1,1,2,2
2060004,30,46.476002,1,1,2,2
2061008,14,22.264999,0,0,2,3
2062004,34,126.007,1,1,1,4
2062005,34,54.030998,1,1,1,4
2067004,34.5,70.285004,1,0,2,2
2067005,34.5,73.896004,1,0,4,2
2067021,34.5,84.799004,1,0,3,2
2069003,18,59.219002,1,1,5,5
2073002,44,72.941002,0,1,1,1
2073003,44,75.567001,0,1,1,1
2075003,1,1.643,0,1,3,1
2083005,47,90.029999,0,0,3,2
2086004,30,52.823002,1,1,4,4
2088003,34,54.700001,1,0,5,5
2095003,17,65.772003,1,0,5,5
2095004,17,52.513,1,0,4,5
2101002,30,48.041,1,0,1,1
2101003,30,62.287998,1,0,1,1
2106003,38,68.676003,1,0,4,3
2108003,34,53.48,1,1,2,5
2108005,34,60.966,1,1,1,5
2109002,17,56.273998,1,1,2,3
2117003,29,46.609001,1,1,3,3
2117004,29,47.905998,1,0,3,3
2117005,29,50.363998,1,0,2,3
2117006,29,47.757,1,1,5,3
2119004,34,64.852997,1,1,3,3
2119006,34,49.601002,1,0,3,3
2119008,34,47.723,1,0,3,3
2124003,33,56.757,1,1,5,3
2125004,33,55.125,1,1,2,3
2125005,33,48.289001,1,1,1,3
2125006,33,56.237999,1,1,2,3
2127003,36,58.514,1,0,5,2
2127004,36,59.547001,1,1,3,2
2127005,36,51.627998,1,1,1,2
2129003,17,56.161999,1,1,4,3
2129004,17,55.191002,1,0,4,3
2129007,17,47.606998,1,1,2,3
2130003,33,61.337002,1,1,2,4
2137003,36,70,1,0,5,3
2137004,36,57.615002,1,0,3,3
2138003,36,63.080002,1,0,5,2
2138004,36,54.438,1,1,1,2
2150003,38,65.931,1,0,3,2
2151005,39,62.303001,1,1,4,1
2151006,39,71.487999,1,1,2,1
2151007,39,67.551003,1,0,4,1
2151021,39,66.392998,1,0,2,1
2164003,34,60.905998,1,1,3,3
2164004,34,57.070999,1,1,4,3
2166004,31,54.813999,1,0,5,4
2170003,45,69.362999,1,0,5,1
2170004,45,67.518997,1,0,5,1
2175003,45,64.898003,1,0,5,2
2175004,45,77.361,1,0,5,2
2176004,42,69.084999,1,0,5,1
2176005,42,74.000999,1,0,2,1
2177002,29,41.264999,1,0,4,2
2177003,29,43.912998,1,1,3,2
2177005,29,48.050999,1,1,2,2
2178003,42,71.692001,1,0,4,4
2187004,31,50.729,1,1,2,4
2188005,16,68.865997,1,1,5,5
2191007,4,5.3060002,0,1,2,2
2191008,4,6.5679998,0,1,2,2
2191009,4,7.5819998,0,1,3,2
2191010,4,7.0510001,0,1,2,2
2196004,34,42.872002,1,1,2,1
2197003,34,65.033997,1,1,2,4
2198003,34,66.444,1,1,3,5
2198004,34,57.111,1,0,4,5
2198005,34,53.647999,1,1,4,5
2199003,34,70.276001,1,1,3,3
2199004,34,61.198002,1,0,1,3
2201003,26.5,56.203999,1,0,1,2
2201004,26.5,52.728001,1,1,2,2
2205005,30,57.366001,1,1,2,4
2208003,34,62.426998,1,1,2,4
2212003,36,61.304001,1,0,2,3
2222003,16.5,52.297001,1,0,4,5
2224004,32,57.394001,1,1,5,4
2224005,32,54.691002,1,0,5,4
2224006,32,49.210999,1,1,5,4
2224007,32,52.390999,1,0,5,4
2228003,42,66.265999,1,1,5,5
2229003,42,75.658997,1,0,5,3
2237003,45,76.198997,1,0,4,4
2237004,45,76.086998,1,0,5,4
2238003,42,72.351997,1,0,1,4
2240003,34,53.924,1,1,2,3
2243004,40,62.027,1,1,4,3
2246005,17,61.564999,1,1,5,5
2248002,19,66.695,1,1,1,1
2251005,34,54.811001,1,1,4,4
2252003,30,57.668999,1,1,3,5
2253003,30,60.469002,1,1,4,4
2253004,30,50.304001,1,0,3,4
2260003,31,43.224998,1,0,2,3
2260004,31,54.358002,1,0,2,3
2260006,31,46.573002,1,1,2,3
2261003,31,58.741001,1,0,3,4
2261004,31,50.089001,1,0,5,4
2271003,31,51.775002,1,1,5,5
2271005,31,69.030998,1,1,4,5
2272003,2,3.6099999,0,1,1,1
2273003,34,45.110001,1,0,5,5
2273004,34,57.137001,1,0,5,5
2277005,16,55.182999,1,0,1,1
2277008,16,57.52,1,1,5,1
2278004,35,58.925999,1,1,3,4
2278005,35,56.931,1,1,3,4
2278021,35,60.977001,1,0,5,4
2280003,17,55.499001,1,0,5,2
2280004,17,57.224998,1,0,3,2
2280005,17,57.611,1,1,3,2
2281003,36,57.563999,1,1,5,1
2282003,31,52.494999,1,0,5,5
2282004,31,36.924999,1,1,1,5
2282005,31,55.332001,1,1,4,5
2282007,31,48.071999,1,1,2,5
2285004,17,51.333,1,0,5,5
2285006,17,61.490002,1,1,5,5
2288004,17,52.451,1,1,4,4
2289003,34,49.915001,1,1,3,5
2292004,30,45.763,1,0,2,1
2292005,30,40.134998,1,1,2,1
2297003,33,58.063999,1,1,5,3
2297004,33,48.297001,1,1,2,3
2299003,34,64.433998,1,0,3,3
2299004,34,62.220001,1,0,5,3
2299005,34,52.667,1,0,4,3
2300003,34,54.348,1,0,5,5
2302004,25,45.839001,1,0,1,1
2302007,25,49.250999,1,0,3,1
2302008,25,42.811001,1,1,2,1
2302009,25,47.466,1,0,1,1
2302010,25,52.514999,1,0,2,1
2304003,36,70.833,1,1,4,5
2304004,36,59.512001,1,1,5,5
2311003,38,61.439999,1,1,3,3
2311005,38,57.453999,1,0,1,3
2321003,23,28.264999,1,0,1,1
2321004,23,42.476002,1,0,1,1
2321005,23,47.485001,1,0,3,1
2323003,35,55.283001,1,0,4,1
2326003,34,61.581001,1,0,5,2
2326021,34,62.605999,1,1,5,2
2327004,38,80.443001,0,0,2,2
2330003,38,61.151001,1,0,2,2
2335003,34,54.966999,1,0,2,2
2338003,35,66.264,1,0,4,5
2341004,35,61.112,1,0,4,5
2341005,35,60.369999,1,0,5,5
2352003,34,55.737,1,0,3,3
2352004,34,56.216,1,0,3,3
2352005,34,54.676998,1,1,5,3
2353003,34,48.924,1,0,5,4
2353004,34,62.097,1,0,5,4
2353005,34,55.625999,1,0,5,4
2354003,34,60.844002,1,1,1,2
2354004,34,54.252998,1,1,2,2
2355002,34,57.117001,1,0,1,3
2366003,38,67.199997,1,1,1,2
2377003,33,92.823997,1,1,4,5
2377006,33,53.446999,1,0,5,5
2379005,30,55.944,1,0,5,1
2379006,30,53.275002,1,1,3,1
2380003,30,47.820999,1,1,3,5
2380004,30,52.202999,1,0,1,5
2392004,25,43.803001,1,1,1,2
2392005,25,46.113998,1,0,1,2
2392006,25,44.637001,1,0,1,2
2397003,38,59.09,1,0,5,4
2410003,33,56.126999,1,1,2,2
2410030,33,60.272999,1,1,2,2
2411030,35,43.098999,1,1,1,1
2416003,36,54.110001,1,0,3,2
2416004,36,62.265999,1,0,4,2
2416006,36,59.889999,1,1,1,2
2417003,39,65.067001,1,1,1,1
2418003,39,58.966999,1,1,1,1
2418005,39,65.871002,1,0,5,1
2418006,39,68.690002,1,0,1,1
2422003,36,68.172997,1,1,4,4
2422004,36,50.277,1,0,5,4
2422005,36,62.844002,1,0,4,4
2425003,42,66.799004,1,1,3,4
2427004,30,55.377998,1,0,4,2
2429006,30,56.626999,1,1,3,2
2434003,23,51.104,1,1,1,1
2435005,34,56.348,1,0,2,5
2436003,34,56.695,1,0,3,4
2436004,34,40.980999,1,0,3,4
2436005,34,55.581001,1,1,4,4
2436006,34,56.450001,1,0,1,4
2441003,14.5,31.523001,1,1,4,1
2443002,32,60.277,1,0,1,1
2443003,32,69.779999,1,1,1,1
2455005,62,71.375,1,0,5,5
2458003,48,83.656998,1,1,5,4
2458004,48,72.388,1,0,5,4
2461003,32,49.977001,1,1,1,2
2461004,32,43.034,1,1,3,2
2464003,33,54.603001,1,0,1,3
2468003,26,47.073002,1,0,2,1
2473004,4,9.6660004,0,0,4,3
2485003,34,52.314999,1,1,4,2
2485004,34,54.775002,1,0,1,2
2486003,34,60.075001,1,1,1,2
2486004,34,66.463997,1,1,3,2
2486005,34,52.969002,1,0,1,2
2492004,43,71.831001,1,1,1,1
2497004,34,64.571999,1,1,5,5
2500003,34,59.973,1,1,4,3
2501003,17,58.535,1,0,3,3
2501005,17,56.806,1,1,2,3
2502003,33,51.375,1,1,4,2
2502004,33,55.762001,1,0,1,2
2502005,33,53.441002,1,0,1,2
2509002,38,65.853996,1,0,4,1
2509003,38,60.806,1,1,5,1
2509004,38,62.820999,1,0,5,1
2509005,38,64.873001,1,0,4,1
2509006,38,68.711998,1,1,3,1
2510003,38,64.695999,1,0,3,4
2510005,38,64.760002,1,0,2,4
2515003,21,50.790001,1,0,3,2
2515005,21,47.902,1,1,3,2
2515006,21,51.723999,1,1,2,2
2516003,30,52.362999,1,0,1,2
2525004,25.5,55.273998,1,0,1,3
2526003,34,57.245998,1,1,3,4
2526004,34,54.141998,1,1,3,4
2529003,31,54.085999,1,0,4,4
2530003,16,50.484001,1,1,1,2
2530004,16,68.561996,1,1,2,2
2530006,16,46.220001,1,0,3,2
2532003,32,51.534,1,1,4,3
2541003,21,78.528,1,1,3,3
2547003,20,62.651001,1,1,5,5
2547004,20,65.974998,1,0,4,5
2557006,65,114.918,0,1,3,3
2568004,42,70.552002,1,0,4,4
2576003,38,60.688999,1,1,4,3
2577003,36,64.487,1,0,4,3
2586005,36,61.155998,1,0,4,5
2586006,36,63.099998,1,0,5,5
2591003,38,68.608002,1,0,4,3
2591004,38,67.958,1,0,3,3
2591005,38,64.224998,1,1,1,3
2591006,38,65.705002,1,0,2,3
2601003,32,50.223999,1,0,3,5
2601004,32,50.363998,1,1,2,5
2601005,32,53.098,1,1,5,5
2607003,32,48.414001,1,1,5,4
2610003,37,56.551998,1,1,5,3
2610004,37,60.862999,1,0,4,3
2611004,37,54.660999,1,1,2,5
2611005,37,58.77,1,1,3,5
2618003,37,58.713001,1,1,4,5
2618004,37,58.063999,1,1,5,5
2621002,18,67.511002,1,1,5,3
2621003,18,53.609001,1,0,4,3
2628003,42,68.447998,1,1,4,5
2628004,42,70.054001,1,0,5,5
2628005,42,67.943001,1,1,5,5
2632004,42,78.925003,1,1,3,2
2632005,42,67.206001,1,1,5,2
2632006,42,68.888,1,1,1,2
2635004,27,62.731998,1,1,4,5
2639003,30,44.071999,1,1,3,2
2640003,32,61.546001,1,0,1,1
2640004,32,57.959999,1,1,1,1
2644004,34,85.147003,0,1,2,1
2645003,24,37.991001,1,0,2,4
2646004,34,86.209999,0,0,1,3
2646005,34,61.375,1,1,2,3
2646006,34,75.024002,0,1,1,3
2653003,45,71.450996,1,1,2,2
2656005,42,81.759003,1,0,5,3
2657005,23,38.486,1,0,3,2
2672005,42,89.369003,1,1,4,5
2672006,42,75.099998,1,1,2,5
2672007,42,68.653999,1,0,1,5
2673003,42,64.225998,1,1,4,3
2678006,33,44.179001,1,1,5,5
2678007,33,52.125999,1,1,4,5
2680003,31,51.284,1,1,3,2
2680005,31,60.811001,1,0,2,2
2680006,31,58.501999,1,0,1,2
2682003,31,56.271999,1,1,3,3
2688004,3,6.2210002,0,0,2,2
2690021,34,59.702999,1,0,5,5
2697003,47,73.803001,1,0,3,3
2704002,16,35.983002,1,1,1,4
2704003,16,44.244999,1,1,3,4
2704004,16,56.591999,1,0,3,4
2712003,33,54.881001,1,0,5,4
2714003,30,52.943001,1,1,1,2
2715003,12,47.602001,1,0,2,4
2715004,12,40.557999,1,1,2,4
2717003,36,43.995998,1,0,2,3
2717004,36,60.703999,1,0,3,3
2717005,36,58.323002,1,1,4,3
2717006,36,58.666,1,1,3,3
2717007,36,56.321999,1,1,2,3
2727022,37,63.497002,1,0,1,1
2730003,44,64.617996,1,0,3,1
2731002,52,100.264,0,0,1,3
2731003,52,84.947998,0,1,2,3
2731004,52,86.501999,0,1,3,3
2731005,52,85.421997,0,1,3,3
2738003,45,71.519997,1,1,5,3
2743002,47,83.350998,1,1,2,1
2752003,34,59.647999,1,0,5,1
2752004,34,53.120998,1,0,3,1
2752005,34,56.405998,1,0,5,1
2756003,30,36.831001,1,1,5,5
2761003,12,32.453999,1,0,4,5
2763004,33,79.685997,0,0,2,1
2773003,36,63.891998,1,0,5,5
2775004,35,37.213001,1,0,1,1
2775005,35,34.827,1,1,2,1
2776002,38,65.569,1,0,3,3
2776003,38,67.862,1,0,1,3
2779003,34,67.328003,1,0,3,5
2782003,34,60.948002,1,1,2,4
2782004,34,37.359001,1,0,5,4
2786009,46,49.938,1,0,2,1
2794003,42,73.200996,1,0,5,5
2794004,42,73.834999,1,0,4,5
2799004,34,57.547001,1,1,3,2
2799005,34,57.346001,1,0,5,2
2801003,33,52.584999,1,0,3,2
2801004,33,50.137001,1,0,5,2
2801005,33,48.625999,1,0,5,2
2801008,33,39.804001,1,1,2,2
2802003,36,56.388,1,0,5,4
2806004,33,58.463001,1,0,1,2
2807003,31,60.646999,1,0,4,5
2807004,31,61.129002,1,0,5,5
2816003,34,48.563,1,0,4,4
2816004,34,54.598999,1,1,4,4
2819003,43,79.714996,1,1,1,4
2831004,9,15.079,1,1,3,1
2835004,34,53.681999,1,1,4,5
2845003,37,57.757,1,1,1,1
2845005,37,54.898998,1,0,2,1
2846006,15,26.476,1,1,1,2
2848003,1,1.933,0,1,2,1
2848004,1,1.649,0,0,1,1
2848006,1,1.303,0,1,1,1
2848007,1,1.7589999,0,0,1,1
2848008,1,1.753,0,0,1,1
2848009,1,1.789,0,0,1,1
2848010,1,1.52,0,1,1,1
2849003,32,50.841,1,1,4,2
2850003,34,53.889,1,1,5,2
2851003,34,55.887001,1,0,1,5
2851004,34,53.909,1,1,5,5
2851005,34,53.361,1,1,3,5
2852003,34,48.611,1,0,2,2
2852004,34,53.293999,1,1,2,2
2852005,34,55.230999,1,0,1,2
2880003,28.5,63.313999,1,0,1,3
2880004,28.5,58.860001,1,1,4,3
2880005,28.5,45.151001,1,1,3,3
2881004,4,5.6300001,0,1,2,1
2882003,34,52.458,1,1,3,5
2882004,34,55.479,1,0,4,5
2884005,76,145.57899,0,0,3,1
2888003,42,48.206001,1,0,1,4
2890005,20,76.626999,0,1,3,2
2893002,32,56.737,1,1,5,5
2893003,32,50.451,1,1,5,5
2897003,33,56.717999,1,1,3,4
2897004,33,52.416,1,1,5,4
2897005,33,67.323997,1,0,4,4
2897006,33,64.559998,1,0,3,4
2898003,30,59.459999,1,0,3,2
2902003,33,50.875999,1,1,2,2
2902004,33,53.771999,1,0,4,2
2907006,20,43.619999,0,0,2,1
2907007,20,41.359001,0,1,1,1
2907008,20,37.741001,0,1,1,1
2907009,20,30.987,0,1,1,1
2910002,31,89.690002,0,1,2,1
2924003,42,68.245003,1,1,4,4
5010003,4,9.2410002,0,0,1,1
5010005,4,7.5960002,0,1,2,1
5012006,2,7.618,0,1,1,1
5012007,2,7.4239998,0,0,1,1
5012183,2,,0,1,2,1
5014005,2,5.724,0,0,2,2
5014006,2,5.4499998,0,0,2,2
5015003,3,4.7379999,0,1,1,1
5018003,2,4.9159999,0,1,2,1
5018004,2,4.678,0,1,3,1
5026005,2,4.848,0,0,1,1
5026030,2,5.6259999,0,1,1,1
5031003,1,1.364,0,1,1,1
5031005,1,1.427,0,1,1,1
5031006,1,1.378,0,1,1,1
5031007,1,1.409,0,1,1,1
5031009,1,1.434,0,1,1,1
5035002,2,6.1820002,0,1,1,1
5035003,2,7.4780002,0,0,1,1
5040002,2,5.862,0,0,5,1
5040003,2,1.936,0,1,1,1
5040005,2,4.777,0,1,1,1
5040006,2,3.2019999,0,1,1,1
5045003,3,4.7309999,0,1,1,1
5047003,3,4.704,0,1,1,1
5052008,4,7.5349998,0,1,1,1
5052009,4,3.6730001,0,1,3,1
5054008,4,9.533,0,0,3,1
5055002,4,7.9429998,0,1,1,1
5055003,4,6.2480001,0,1,1,1
5055005,4,10.797,0,0,1,1
5061004,4,7.3470001,0,1,5,1
5065005,5,10.606,0,0,2,1
5066004,4,5.8520002,0,1,1,2
5066006,4,18.212,0,1,1,1
5066007,4,18.707001,0,1,1,1
5066008,4,5.5180001,0,0,2,2
5066009,4,9.3640003,0,0,1,2
5067002,2,7.6570001,0,1,2,1
5069004,4,7.3559999,0,1,2,1
5071003,4,9.7060003,0,1,1,1
5120003,2.5,5.7540002,0,0,1,1
5120004,2.5,4.6059999,0,1,1,1
5136007,2,3.2520001,0,1,1,1
5136011,2,3.0810001,0,1,1,1
5142002,2,3.6719999,0,0,2,1
5142004,2,4.0830002,0,0,2,1
5159008,4,4.552,1,0,1,3
5170003,5,6.783,0,0,2,2
5170004,5,12.94,0,1,5,2
5170006,5,11.157,0,1,1,2
5170007,5,11.682,0,1,2,2
5171008,5,9.8479996,0,1,1,2
5177003,3,5.3829999,0,1,1,1
5177004,3,7.9580002,0,0,1,1
5177005,3,8.0880003,0,0,1,1
5177006,3,5.2870002,0,1,1,1
5177007,3,5.3559999,0,1,1,1
5180004,5,7.4619999,0,1,3,2
5182006,4,9.1619997,0,1,3,2
5182009,4,7.336,0,1,4,2
5182010,4,9.1140003,0,0,2,2
5199004,3,3.974,0,0,4,2
5215005,2,3.112,0,1,1,2
5230006,2,2.612,0,1,4,4
5230007,2,2.1689999,0,1,2,4
5230008,2,2.6530001,0,1,2,4
5234003,1,7.7309999,0,0,2,1
5242002,4,8.0550003,0,1,2,2
5259010,1,3.2160001,0,1,3,2
5264004,2,3.243,0,1,3,3
5273004,7,20.790001,0,0,1,1
5274003,6.5,13.926,0,1,1,2
5274004,6.5,14.034,0,1,1,2
5287005,6,9.5059996,0,1,2,1
5287007,6,7.9419999,0,0,1,1
5287008,6,12.921,0,0,2,1
5290003,5,12.321,0,0,1,1
5290006,5,7.6539998,0,1,3,1
5290030,3,6.3860002,0,0,3,2
5292009,5,11.834,0,1,2,1
5292011,3,9.3610001,0,1,1,1
5292013,5,9.6300001,0,1,1,1
5292015,5,12.505,0,0,1,1
5294003,4.5,13.598,0,0,5,1
5295005,5,11.83,0,0,2,1
5295006,3,11.767,0,0,2,1
5299003,2,4.2779999,0,0,1,1
5299004,2,2.95,0,1,1,1
5299006,2,2.6600001,0,1,1,1
5299008,2,2.8329999,0,1,3,1
5299009,2,2.714,0,1,3,1
5299010,2,2.7260001,0,1,1,1
5299012,2,2.803,0,1,1,1
5302003,1,1.975,0,0,3,1
5302005,1,2.6110001,0,1,1,1
5302007,1,3.122,0,1,1,1
5305006,1,3.7880001,0,1,1,2
5306002,5,7.8140001,0,1,1,1
5306003,5,7.7090001,0,1,2,1
5306004,5,11.098,1,0,1,1
5308004,3,9.6999998,0,1,1,1
5314004,5,10.887,0,0,2,1
5315004,6,9.3730001,0,1,2,1
5323003,1,1.67,0,1,1,3
5336007,1.5,2.747,0,1,3,1
5343005,7,21.076,0,0,3,3
5348005,3,4.5100002,0,1,2,1
5355004,17,25.136,0,0,1,1
5356004,11,15.435,0,0,3,1
5360004,6,11.82,0,0,1,1
5363003,6,9.6789999,0,1,1,1
5363004,6,9.599,0,1,1,1
5364002,6,5.0229998,0,0,3,1
5364003,6,9.3070002,0,1,3,1
5364005,6,9.8859997,0,1,2,1
5364006,6,8.375,0,1,3,1
5366007,5,13.03,0,0,4,1
5366009,5,7.4879999,0,1,3,1
5375003,3,5.8449998,0,0,2,1
5379003,4,5.3330002,0,1,1,4
5379004,4,8.4969997,0,0,2,4
5379005,4,6.7030001,0,0,4,4
5381006,3,4.4920001,0,1,1,1
5392002,1,2.405,0,0,1,1
5393003,1,1.941,0,1,1,1
5393004,1,1.798,0,0,1,1
5395005,4,6.862,0,1,1,1
5395007,4,4.257,0,1,1,1
5397004,4,7.8049998,0,1,2,1
5397005,4,7.7270002,0,1,1,1
5403005,1,1.648,0,0,2,2
5406002,1,1.313,0,1,3,1
5407002,1,1.872,0,0,1,2
5416006,6,15.027,0,1,2,1
5417004,6,11.354,0,1,1,2
5425003,3,6.0830002,0,1,1,2
5428006,2,1.457,0,1,2,1
5429007,2,3.066,0,1,2,1
5429008,2,3.0810001,0,1,2,1
5430002,1,4.5339999,0,1,1,2
5430003,1,1.5930001,0,1,3,2
5430004,1,4.283,0,1,3,2
5430006,1,2.9349999,0,1,1,2
5443004,4,8.1859999,0,0,2,1
5443005,4,8.2559996,0,0,1,1
5443007,4,6.9530001,0,1,1,1
5447005,6,12.033,0,0,2,2
5449002,5,12.739,0,0,3,1
5458003,1,3.3559999,0,1,2,1
5458004,1,3.1140001,0,0,2,1
5459003,2,3.1589999,0,1,3,1
5459004,2,3.053,0,1,1,1
5459005,2,3.3959999,0,0,5,1
5462003,4,8.0349998,0,1,3,2
5462004,4,10.236,0,0,2,2
5462005,4,10.425,0,0,3,2
5462006,4,8.552,0,1,1,2
5463003,5,8.5469999,0,1,2,1
5463005,5,7.3899999,0,1,2,1
5463006,5,7.6040001,0,1,2,1
5464007,4,8.8990002,0,1,3,1
5464009,4,9.1090002,0,0,2,1
5477006,1,4.3909998,0,1,2,2
5478006,4,7.6960001,0,1,1,2
5488003,5,12.429,0,0,2,2
5488004,5,13.608,0,0,3,2
5488005,5,9.783,0,1,1,2
5488006,5,9.5270004,0,1,1,2
5488007,5,9.5270004,0,1,2,2
5491004,1,1.608,0,1,5,2
5491005,1,1.853,0,0,3,2
5493004,4,7.7919998,0,0,2,1
5493006,4,7.158,0,1,1,1
5493007,4,8.243,0,1,1,1
5494005,4,10.07,0,0,2,1
5499002,2,4.8470001,0,0,2,1
5499004,2,4.3720002,0,0,2,1
5499005,2,4.8920002,0,0,1,1
5499007,2,3.852,0,1,1,1
5499008,2,3.9590001,0,1,1,1
5501006,2,3.391,0,1,1,1
5501012,2,4.0689998,0,0,2,1
5503005,2,3.4660001,0,0,1,2
5510004,2,2.806,0,0,1,1
5513005,1,4.5219998,0,1,1,1
5527003,3,5.9320002,0,1,3,2
5527004,3,8.5509996,0,0,2,2
5537003,2,3.0439999,0,1,1,2
5537004,2,3.243,0,0,1,2
5537006,2,2.721,0,1,1,2
5537008,2,2.5480001,0,0,1,2
5537009,2,2.6059999,0,1,2,2
5537010,2,3.122,0,1,1,2
5542002,11,28.969,0,1,1,2
5542003,11,25.851,0,1,1,2
5542005,11,17.622,0,0,2,2
5547009,1,1.237,0,1,1,1
5548005,1,1.4680001,0,0,2,1
5548009,1,1.132,0,1,1,1
5548010,1,1.222,0,1,1,1
5548011,1,1.909,0,0,1,1
5549005,1,1.184,0,1,1,1
5549006,1,1.472,0,1,2,1
5549007,1,1.536,0,1,2,1
5553003,3,9.8959999,0,0,3,2
5553004,3,9.3699999,0,0,5,2
5553005,3,11.673,0,0,3,2
5553006,3,7.9429998,0,1,3,2
5559005,22,28.957001,0,1,2,1
5565003,14,35.730999,0,1,3,1
5565004,14,24.889999,0,1,2,1
5569004,5,10.394,0,1,3,1
5569006,5,9.2440004,0,0,1,1
5569008,5,9.4040003,0,1,1,1
5569009,5,11.007,0,0,1,1
5569010,5,9.5030003,0,1,2,1
5569011,5,8.3660002,0,1,1,1
5569012,5,10.622,0,0,2,1
5570003,5,5.612,0,1,1,3
5570004,5,10.933,0,1,2,3
5570005,5,9.2320004,0,1,1,3
5570006,5,10.178,0,0,2,3
5570007,5,10.869,0,0,3,3
5570009,5,10.633,0,0,2,3
5570010,5,10.835,0,0,2,3
5570011,5,8.4250002,0,1,2,3
5570012,5,12.534,0,0,2,3
5573009,3,6.4250002,0,1,1,1
5600005,1,1.327,0,1,1,3
5608002,6,14.96,0,0,1,1
5610005,8,12.975,0,1,2,1
5610006,8,10.403,0,1,1,1
5611003,4.5,9.5950003,0,1,1,2
5612006,6,8.2419996,0,0,3,3
5612008,8,13.609,0,0,1,1
5612009,8,13.421,0,0,2,1
5613004,5,12.361,0,0,2,2
5613005,5,10.973,0,0,3,2
5613006,5,10.124,0,1,3,2
5613007,5,11.75,0,0,1,2
5613008,5,9.5380001,0,1,1,2
5613009,5,8.5,0,1,2,2
5613010,5,10.325,0,0,2,2
5613011,5,9.5220003,0,1,1,2
5613012,5,8.5600004,0,1,3,2
5613013,5,10.725,0,0,1,2
5613014,5,8.4879999,0,1,4,2
5614004,5.5,10.605,0,0,3,1
5614005,5.5,9.0760002,0,1,1,1
5615011,3,8.8999996,0,1,3,1
5615012,3,6.0869999,0,1,2,2
5619004,2,2.7690001,0,1,1,2
5619005,2,2.7980001,0,1,3,2
5619006,2,2.092,0,1,1,2
5621004,2,2.615,0,1,2,1
5621005,2,3.3670001,0,0,3,1
5621006,2,3.513,0,0,2,1
5621007,2,2.744,0,1,2,1
5621008,2,3.4790001,0,0,3,1
5621009,2,2.7490001,0,1,1,1
5623004,2,4.2839999,0,0,4,2
5623006,2,2.7679999,0,1,1,2
5623008,2,2.849,0,1,1,2
5623009,2,3.2739999,0,0,1,2
5628005,1.5,2.395,0,1,1,2
5635003,4,5.5539999,0,1,1,1
5635004,5,6.1420002,0,1,1,2
5636002,4,5.9460001,0,1,1,1
5640003,4,8.7220001,0,0,3,1
5641004,4,8.5279999,0,1,1,1
5642003,4,8.6780005,0,1,2,2
5643003,4,4.5760002,0,0,2,1
5643004,4,4.9759998,0,0,2,1
5643006,4,10.021,0,1,4,1
5646006,4,8.7950001,0,1,1,1
5656011,2,2.7379999,0,1,2,1
5660003,4,11.044,0,1,1,1
5660004,4,10.064,0,0,1,1
5660006,5,8.1169996,0,1,3,1
5663005,4,5.9369998,0,1,3,1
5664003,5,7.3709998,0,1,1,1
5676007,2,4.5139999,0,0,1,1
5680004,1,1.321,0,1,4,1
5683003,2,5.4450002,0,1,1,2
5683005,2,5.0539999,0,0,2,2
5683006,2,4.342,0,1,2,2
5683007,2,3.3299999,0,0,2,2
5683008,2,4.2470002,0,1,3,2
5684002,4,19.907,0,0,2,2
5684003,4,17.735001,0,1,2,2
5684005,4,10.874,0,0,1,2
5684006,4,18.056,0,1,3,2
5685004,7,17.959,0,1,4,1
5689006,1,4.3499999,0,0,2,1
5689007,1,3.961,0,0,3,1
5689008,1,3.8329999,0,0,2,1
5689009,1,3.1700001,0,0,1,1
5689010,1,3.283,0,1,2,1
5692006,3,5.7280002,0,1,4,1
5693005,2,7.3920002,0,1,3,2
5693007,2,3.891,0,1,1,2
5693011,2,5.4559999,0,0,1,2
5706009,2,3.825,0,1,2,2
5714002,26,44.999001,0,1,1,1
5749006,1,1.318,0,1,3,1
5750005,3,4.9400001,0,0,1,2
5771002,13,68.417999,0,0,2,1
5771003,13,56.799999,0,1,2,1
5774030,6,14.606,0,0,2,1
5780003,4,8.9899998,0,1,3,1
5780004,4,9.1400003,0,1,1,1
5784005,1,3.612,0,1,2,2
5801004,4,7.5869999,0,1,1,1
5814005,6,6.6420002,0,1,1,1
5819004,2,2.628,0,1,3,2
5819005,2,2.675,0,1,1,2
5821004,2,2.0469999,0,0,2,2
5821005,2,4.0910001,0,0,1,2
5821006,2,2.109,0,1,1,2
5821007,2,3.8870001,0,0,2,2
5821008,2,4.2449999,0,0,2,2
5822006,2,2.3110001,0,1,3,1
5832003,18,26.214001,0,1,2,2
5835005,1,2.7,0,1,1,2
5839002,4,9.1560001,0,1,3,1
5839004,4,8.3149996,0,1,1,1
5841032,2,4.5250001,0,0,1,4
5849007,1,1.158,0,1,1,1
5849008,1,3.4030001,0,1,1,1
5852003,1,6.7150002,0,0,3,1
5853003,2,6.5250001,0,0,1,1
5853006,2,6.3730001,0,0,1,1
5853012,2,5.855,0,1,1,1
5853013,3,4.4089999,0,0,1,1
5854003,8,15.716,0,1,5,2
5858007,1,2.5910001,0,1,3,1
5861003,1,3.0510001,0,1,1,1
5864003,1,.77600002,0,1,1,2
5864004,1,1.057,0,1,1,2
5872004,2,4.6620002,0,1,3,2
5872005,2,4.7309999,0,1,1,2
5872006,2,4.7810001,0,1,1,2
5876002,1,5.0440001,0,0,5,2
5876003,1,4.4580002,0,0,1,2
5876004,1,3.279,0,1,3,2
5899002,3,5.1799998,0,0,1,3
5900003,4,5.9520001,0,0,1,1
5900004,4,13.476,0,0,3,1
5900005,4,9.0780001,0,1,1,1
5900006,4,8.8430004,0,1,3,1
5900007,4,9.0559998,0,1,1,1
5901004,2,3.6370001,0,1,1,1
5909005,2,3.1300001,0,0,1,2
5921004,10,28.462999,0,0,1,1
5922002,11,26.535,0,1,1,2
5922005,11.5,59.554001,0,0,3,2
5922007,11.5,52.525002,0,1,2,2
5922008,11.5,67.891998,0,0,2,2
5922010,11,65.926003,0,0,3,2
5922011,11,26.243,0,0,1,2
5925003,2,2.921,0,0,1,3
5925004,2,2.1389999,0,1,2,3
5925006,2,3.3269999,0,1,2,3
5925007,2,3.7490001,0,1,1,3
5925008,2,3.21,0,0,1,3
5926003,2,3.2869999,0,0,1,5
5926004,2,3.3729999,0,0,4,5
5926005,2,2.6860001,0,1,3,5
5926006,2,2.7409999,0,1,2,5
5938003,2,6.283,0,1,4,4
5938004,2,4.743,0,0,1,4
5940003,4,6.8270001,0,1,1,1
5942006,4,6.8540001,0,1,1,1
5942008,4,5.2119999,0,1,1,1
5942009,4,7.77,0,1,3,1
5959004,18,43.501999,0,1,1,1
5959005,18,46.005001,0,0,3,1
5959008,18,29.444,0,1,1,1
5959009,18,21.392,0,0,1,1
5960003,18,63.006001,0,1,4,1
5960005,18,45.664001,0,1,2,1
5960006,18,35.206001,0,1,1,1
5960007,11,40.784,0,0,3,2
5960008,11,42.895,0,0,1,2
5964003,5,13.389,1,0,2,1
5968002,3,8.0579996,0,0,3,1
5968003,3,6.099,0,1,1,1
5968004,3,4.5710001,0,0,2,1
5968005,3,5.7870002,0,1,1,1
5968030,3,8.1199999,0,0,4,1
5969004,3,5.0780001,0,1,1,3
5969005,3,6.7579999,0,1,2,3
5969006,3,5.7930002,0,1,1,3
5977007,1.5,3.365,0,0,4,1
5990002,2,6.638,0,0,1,1
5990003,2,2.5510001,0,1,2,1
5990004,2,4.9660001,0,1,1,1
5991002,1,4.5560002,0,1,2,3
5991003,1,3.8139999,0,1,1,3
5994006,1,1.345,0,1,3,2
5995003,4,9.2290001,1,0,1,2
5995004,4,7.4840002,0,1,2,2
5995005,4,6.4650002,0,1,1,2
5995006,4,7.914,0,1,1,2
5998004,3,6.4489999,0,1,1,2
6009003,10,22.163,0,0,5,1
6009004,10,13.126,0,1,4,1
6026003,1,2.6670001,0,1,1,2
6026005,1,4.296,0,0,1,2
6028003,1,1.482,0,1,1,1
6028008,1,1.04,0,1,1,1
6030003,1,1.939,0,1,2,1
6030004,1,1.447,0,1,1,1
6030005,1,1.957,0,0,1,1
6030007,1,1.374,0,1,3,1
6030008,1,1.747,0,0,1,1
6041003,2,2.1659999,0,1,1,1
6041004,2,2.8169999,0,1,2,1
6048004,5,8.0249996,0,0,1,1
6052005,3,8.5749998,0,0,4,2
6053006,3,8.4200001,0,0,1,1
6054008,7,18.441999,0,1,1,1
6064004,1.5,3.23,0,1,1,1
6073003,6,8.2650003,0,0,2,1
6073004,6,10.111,0,1,1,1
6077004,2,4.9590001,0,0,3,1
6086003,4,8.3140001,0,1,1,1
6086004,4,8.6829996,0,1,3,1
6093010,12,26.145,0,0,1,1
6103003,3,6.408,0,1,3,2
6103006,3,4.3390002,0,1,2,2
6103007,3,5.527,0,1,3,2
6103008,3,5.4780002,0,1,2,2
6107004,2,2.6099999,0,1,1,2
6107008,2,2.8380001,0,1,1,2
6108002,2,3.973,0,0,3,1
6110005,1,3.4389999,0,0,1,1
6110006,1,1.563,0,1,1,1
6114005,4,7.6479998,0,1,4,1
6120003,3,3.48,0,0,2,3
6120008,3,4.4029999,0,1,1,3
6121005,1,.99199998,0,1,1,1
6121008,1,1.635,0,0,4,1
6121011,1,1.597,0,0,1,1
6121013,1,1.675,0,0,2,1
6127003,5,7.3340001,0,1,1,1
6127004,5,9.6370001,0,0,3,1
6127005,5,4.7820001,0,1,2,1
6150004,2,3.529,0,1,1,1
6152002,2,3.8099999,0,1,1,1
6154003,1,1.628,0,1,1,1
6156005,1,.97399998,0,0,1,1
6157003,2,3.8299999,0,1,2,1
6159003,6,8.7919998,0,1,1,1
6159005,6,10.446,0,0,1,1
6161007,2,5.6890001,0,1,1,1
6165004,17,29.985001,0,1,5,1
6165005,17,31.694,0,1,1,1
6166012,5,7.6160002,0,1,1,1
6166014,5,6.7779999,0,1,1,1
6170004,1,1.194,0,0,1,2
6170005,1,1.372,0,1,3,2
6170006,1,1.785,0,0,4,2
6171004,1,.59399998,0,0,5,2
6179003,2,3.9089999,0,0,2,2
6187004,4,10.172,0,0,2,2
6187005,4,6.072,0,1,3,2
6187010,4,6.1799998,0,1,3,2
6187012,4,8.4209995,0,1,2,2
6191004,13,31.316999,0,0,4,2
6191005,13,14.921,0,0,2,2
6191006,13,22.827999,0,1,2,2
6191007,13,31.941999,0,0,3,2
6200009,2,3.125,0,1,4,1
6200010,2,2.7820001,0,1,2,1
6200011,2,2.7279999,0,1,2,1
6204003,4.5,8.5550003,0,1,1,1
6205004,5,7.6570001,0,0,3,2
6205005,5,5.7470002,0,1,2,2
6205008,5,7.4530001,0,0,1,2
6205010,5,6.013,0,1,1,2
6210003,4,9.1379995,0,1,1,2
6210006,4,9.4250002,0,0,2,2
6210007,4,7.9260001,0,0,1,2
6210008,4,9.2639999,0,0,1,2
6210009,4,4.4759998,0,1,1,2
6210011,4,7.2129998,0,0,2,2
6212002,4,7.7940001,0,1,1,1
6212003,4,8.618,0,1,2,1
6216003,4,7.7210002,0,1,2,2
6217007,4,7.0240002,0,0,2,1
6227005,3,3.3959999,0,1,1,1
6228008,12,13.387,0,1,1,1
6228012,14,17.065001,0,1,1,1
6229003,11,12.24,0,0,1,1
6229005,13,24.086,0,1,1,1
6229006,13,32.304001,0,0,1,1
6231008,2,3.059,0,1,1,1
6232008,1,3.694,0,1,2,1
6232009,1,2.8050001,0,1,1,1
6233003,2,4.132,0,1,2,1
6233004,2,4.8979998,0,0,1,1
6233005,2,3.105,0,1,2,1
6233006,2,3.957,0,0,1,1
6233009,2,3.2060001,0,1,1,1
6250007,2,2.651,0,1,1,2
6261004,4,5.4780002,0,0,1,1
6261007,4,8.0159998,0,1,1,1
6262004,4,9.5559998,0,0,3,2
6275007,2,3.036,0,1,2,2
6288030,11,18.413,0,1,3,2
6305005,6.5,7.1500001,0,0,1,1
6305006,6.5,15.248,0,0,1,1
6305007,6.5,12.436,0,1,1,1
6335004,4,7.0450001,0,1,1,2
6335005,4,8.5839996,0,0,2,2
6335006,4,6.6360002,0,1,1,2
6335008,4,8.5100002,0,0,1,2
6335010,4,6.7709999,0,1,1,2
6335011,4,6.2729998,0,0,1,2
6350003,2,2.9979999,0,1,4,3
6350006,2,3.279,0,0,4,3
6350007,2,2.1470001,0,1,2,3
6357003,1,4.4130001,0,1,2,1
6358004,2,6.677,0,0,3,2
6358006,2,4.152,0,1,4,2
6361003,20,36.693001,1,1,3,3
6365008,1,2.451,0,1,1,1
6365009,1,2.7920001,0,1,1,1
6365010,1,3.007,0,1,1,1
6365011,1,2.586,0,1,2,1
6367003,21,65.179001,0,1,4,1
6368004,21,63.842999,0,0,1,2
6368005,21,53.243,0,1,1,2
6368006,21,58.061001,0,1,1,2
6370002,9,23.665001,0,1,1,1
6370003,9,19.792999,0,0,1,1
6370004,9,18.662001,0,0,1,1
6370005,9,15.642,0,1,1,1
6370007,9,16.016001,0,0,1,1
6370009,9,17.239,0,1,1,1
6370030,11,27.311001,0,0,1,1
6376003,6,9.6560001,0,1,2,1
6377002,3,5.2249999,0,0,4,1
6377005,3,4.4590001,0,1,2,1
6381003,4,5.0560002,0,1,1,1
6381004,4,8.6809998,0,0,1,1
6381006,4,4.6490002,0,1,2,1
6381007,4,8.7449999,0,0,1,1
6381008,4,7.9980001,0,0,1,1
6396003,13,25.909,0,1,2,2
6398002,4,11.124,0,1,2,1
6409003,2,5.2280002,0,1,1,3
6411003,1,3.191,0,1,1,1
6412003,2,3.927,0,0,4,3
6413009,5,11.335,0,1,3,2
6413010,5,9.6070004,0,1,1,2
6431004,6,7.7709999,0,0,3,1
6431008,6,11.431,0,0,3,1
6436003,6,9.9200001,0,1,1,1
6436005,6,6.4829998,0,0,1,1
6438005,22,52.901001,0,0,2,2
6475005,5,9.7220001,0,1,3,1
6475006,5,8.8240004,0,1,1,1
6475007,5,9.1359997,0,1,1,1
6475010,5,10.056,0,1,2,1
6478002,3,15.403,0,0,4,1
6478003,3,9.6239996,0,1,1,1
6478004,3,8.4899998,0,1,3,1
6478005,3,12.073,0,1,3,1
6478006,3,11.574,0,0,3,1
6485006,22,53.791,0,0,1,1
6485012,22,32.812,0,1,1,1
6489001,4.5,18.789,0,1,4,1
6489002,4,15.044,0,1,5,1
6494003,5,9.8509998,0,0,1,1
6498006,1,1.869,0,0,3,1
6499005,1,1.5549999,0,1,1,1
6509004,23,57.278,0,1,1,3
6519006,2,2.6059999,0,1,2,2
6522004,1,1.446,0,1,1,1
6531003,9,13.116,0,0,1,1
6531004,9,18.024,0,1,1,1
6531005,9,22.722,0,0,1,1
6531006,9,10.799,0,1,1,1
6541004,4,13.644,0,0,5,2
6545005,4,6.1700001,0,1,3,3
6545006,4,4.6279998,0,1,2,3
6545007,4,6.276,0,1,1,3
6545008,4,7.7140002,0,0,3,3
6546005,4,5.2249999,0,0,1,2
6546009,4,6.947,0,1,2,2
6547004,3,5.8709998,0,1,5,1
6547006,3,7.8449998,0,0,3,1
6549004,4,8.1610003,0,1,3,1
6553004,5,7.7360001,0,1,3,1
6553006,5,8.7010002,0,0,2,1
6571003,5,7.9400001,0,1,3,1
6571004,5,7.4190001,0,1,4,1
6577003,4,12.09,0,0,2,2
6577004,4,11.77,0,0,5,2
6577007,4,7.8330002,0,1,3,2
6577008,4,10.164,0,0,3,2
6577009,4,9.8599997,0,0,2,2
6582003,4,10.969,0,0,1,1
6588003,5,10.057,0,1,2,1
6590004,4,8.8940001,0,0,3,2
6590008,4,10.106,0,0,3,2
6590010,4,7.7620001,0,1,2,2
6602005,3,5.7670002,0,0,1,1
6602008,3,4.8699999,0,1,1,1
6602009,3,6.3049998,0,1,2,1
6605007,2,2.9820001,0,0,1,1
6605012,2,4.4530001,0,1,1,1
6607008,1,1.2180001,0,1,1,1
6609002,1,1.268,0,0,1,1
6616006,4,9.1700001,0,0,5,1
6624003,1,1.369,0,1,4,1
6625007,1,1.24,0,1,3,1
6626003,1,1.622,0,1,3,3
6626004,1,1.3559999,0,1,1,3
6626006,1,1.704,0,1,1,3
6626007,1,1.6900001,0,1,2,3
6626008,1,1.678,0,1,1,3
6639005,1,1.365,0,1,1,1
6646003,3,4.3319998,0,1,3,1
6646004,3,4.7909999,0,1,1,1
6649003,1,1.392,0,1,1,1
6655002,34,54.801998,0,1,2,1
6655003,34,59.178001,0,1,3,1
6655005,34,64.721001,0,1,2,1
6657005,4,6.7049999,0,1,1,1
6660003,2,3.474,0,1,1,1
6663002,1,1.518,0,1,1,1
6663003,1,4.2059999,0,0,2,1
6674003,3,4.7839999,0,0,3,3
6674005,3,3.6400001,0,1,2,3
6680004,1,1.648,0,1,1,1
6684003,1,1.321,0,1,1,1
6684004,1,1.469,0,1,2,1
6684005,1,1.247,0,1,1,1
6684008,1,1.249,0,1,1,1
6687003,1,2.0409999,0,0,1,4
6698003,21,39.629002,0,1,1,1
6698004,21,35.772999,0,1,3,1
6698005,21,50.830002,0,0,1,1
6703006,2,2.7019999,0,1,2,1
6706002,4,6.6399999,0,0,1,1
6706003,4,9.7690001,0,0,1,1
6707002,4,9.7849998,0,1,3,1
6707003,2,7.8800001,0,1,1,3
6716006,1,2.7260001,0,0,2,2
6724003,3,4.855,0,1,4,2
6724004,3,5.1479998,0,0,2,2
6724005,3,5.1269999,0,0,3,2
6724008,3,4.2449999,0,1,1,2
6735003,4,6.4990001,0,1,3,1
6735005,4,6.3530002,0,1,1,1
6735006,4,6.3540001,0,1,1,1
6735007,4,6.4980001,0,1,1,1
6735008,4,6.289,0,1,2,1
6736003,5,7.4640002,0,1,2,2
6736005,5,7.8049998,0,1,1,2
6738003,5,7.3610001,0,1,2,1
6740003,8,13.055,0,1,2,1
6740004,6,15.132,0,1,1,2
6745007,2,3.8069999,0,0,2,1
6750004,1,1.0650001,0,1,2,1
6750005,1,1.385,0,1,2,1
6750021,1,2.2390001,0,0,1,1
6765004,4,6.1900001,0,1,1,1
6765006,4,6.2839999,0,1,2,1
6765007,4,6.0570002,0,1,3,1
6769007,3,4.3070002,0,1,3,2
6769008,3,4.2719998,0,1,2,2
6779007,4,11.481,0,0,1,3
6779008,4,7.6129999,0,1,2,3
6780006,4,23.9,0,1,1,1
6785003,5,6.8400002,0,1,2,1
6785006,5,6.4050002,0,0,1,1
6785007,5,8.4729996,0,1,1,1
6785008,5,6.7049999,0,1,1,1
6789007,3,4.1560001,0,1,1,1
6793021,4,13.626,0,0,2,1
6795004,3,6.2969999,0,1,2,1
6803004,5,9.5530005,0,1,2,2
6820002,5,9.7840004,0,1,1,1
6820003,5,5.3049998,0,1,1,1
6820004,5,11.433,0,0,1,1
6820005,5,6.8829999,0,0,2,1
6826006,4,10.545,0,0,4,3
6826007,4,8.0039997,0,1,1,3
6830002,9,19.757999,0,0,2,1
6832004,6,10.549,0,1,3,1
6836004,5,11.868,0,0,1,1
6836005,4.5,9.9090004,0,1,1,1
6838004,4,8.5740004,0,0,1,2
6839004,4,4.217,1,1,1,1
6839006,4,4.4829998,0,0,4,1
6839007,4,4.3210001,0,1,4,1
6839009,4,6.9990001,0,1,2,1
6843006,5,9.7790003,0,1,2,2
6845002,2,8.2939997,0,1,3,1
6845003,2,8.4890003,0,1,2,1
6845005,2,8.802,0,1,1,1
6845006,2,8.4239998,0,1,1,1
6849005,5,8.5509996,0,1,1,1
6851003,4,6.1059999,0,1,1,1
6853003,4,6.0440001,0,1,1,1
6864002,1,3.3740001,0,1,2,1
6864003,1,3.135,0,1,2,1
6872002,4,8.9060001,0,0,1,1
6872003,4,10.233,0,0,3,1
